{
    "exe" : {
        "description" : "Executable Settings, eg. thisVar : true",
        "settings" : [
            {
                "assets" : [
                    {
                        "name" : "General Configs",
                        "note" : "Don't show in User Settings",
                        "file" : "config.json",
                        "description" : "Has general settings, eg. mainBlueStacksConfig : bluestacks.conf"
                    },
                    {
                        "name" : "Patches",
                        "note" : "Our File for BlueStacks config patches",
                        "file" : "patches.json",
                        "description" : "See note"
                    },
                    {
                        "name" : "Menu",
                        "note" : "",
                        "file" : "menu.json",
                        "description" : "Our Menu file"
                    },
                    {
                        "name" : "This File",
                        "note" : "",
                        "file" : "exe.json",
                        "description" : "The file we are in right now, which is obvious (if you can read that is)"
                    },
                    {
                        "name" : "Python mainframe",
                        "note" : "Heart of the .exe",
                        "file" : "BlueStacks-Editor.py",
                        "description" : "Pretty obvious what this is"
                    },
                    {
                        "name" : "Copyright :p",
                        "note" : "",
                        "file" : "project.conf",
                        "description" : "yes"
                    },
                    {
                        "name" : "Additional stuff",
                        "note" : "Copyrighted",
                        "file" : "additional-properties.json",
                        "description" : "Additional build properties"
                    },
                    {
                        "name" : "Project Manifest",
                        "note" : "",
                        "file" : "project.manifest",
                        "description" : "Project Manifest"
                    }
                ]
            }
        ],
        "fileVersion" : "1.1"
    }
}