{
    "title" : "BlueStacks-Editor 1.0",
    "subtitle" : "Patches",
    "visiblenote" : "Note: Some things only work on a Pie64 Instance",
    "menu" : [
        {
            "title" : "ADB Patches",
            "level" : 1,
            "children" : [
                {
                    "child" : 1,
                    "title" : "Enable ADB Access",
                    "mapsto" : "ADB Patches.field.1",
                    "level" : 2
                },
                {
                    "child" : 2,
                    "title" : "Enable Remote ADB Access",
                    "mapsto" : "ADB Patches.field.2",
                    "level" : 2
                },
                {
                    "child" : 3,
                    "title" : "Configure ADB Port",
                    "mapsto" : "ADB Patches.field.3",
                    "level" : 2
                },
                {
                    "child" : 4,
                    "title" : "Configure Status of ADB Port",
                    "mapsto" : "ADB Patches.field.4",
                    "level" : 2
                }
            ]
        },
        {
            "title" : "AD Patches",
            "level" : 1,
            "children" : [
                {
                    "child" : 1,
                    "title" : "Disable ADs",
                    "mapsto" : "AD Patches.field.1",
                    "level" : 2
                }
            ]
        },
        {
            "title" : "FPS Patches",
            "level"  : 1,
            "children" : [
                {
                    "child" : 1,
                    "title" : "Configure FPS Limit",
                    "mapsto" : "FPS Patches.field.1",
                    "level" : 2
                }
            ]
        },
        {
            "title" : "Instance Identity Patches",
            "level" : 1,
            "children" : [
                {
                    "child" : 1,
                    "title" : "Change locale",
                    "mapsto" : "Instance Identity Patches.field.1",
                    "level" : 2
                },
                {
                    "child" : 2,
                    "title" : "Change Country Code",
                    "mapsto" : "Instance Identity Patches.field.4",
                    "level" : 2
                },
                {
                    "child" : 3,
                    "title" : "Change Carrier Code",
                    "mapsto" : "Instance Identity Patches.field.5",
                    "level" : 2
                },
                {
                    "child" : 4,
                    "title" : "Set Display Name",
                    "mapsto" :"Instance Identity Patches.field.3",
                    "level" : 2
                },
                {
                    "child" : 5,
                    "title" : "Spoof Device Info",
                    "mapsto" :"Instance Identity Patches.field.2",
                    "level" : 2
                }
            ]
        },
        {
            "title" : "Mute Instance Patch",
            "level" : 1,
            "children" : [
                {
                    "child" : 1,
                    "title" : "Mute all instances",
                    "mapsto" : "Mute Instance Patch.field.1",
                    "level" : 2
                }
            ]
        },
        {
            "title" : "Root Patch",
            "level" : 1,
            "children" : [
                {
                    "child" : 1,
                    "title" : "Enable Root",
                    "mapsto" : "Root Patches.field.1",
                    "level" : 2
                }
            ]
        },
        {
            "title" : "Store Patch",
            "level" : 1,
            "children" : [
                {
                    "child" : 1,
                    "title" : "Deactivate BlueStacks Store Auto Launch",
                    "mapsto" : "Store Patches.field.1",
                    "level" : 2
                }
            ]
        },
        {
            "title" : "Backups",
            "level" : 1,
            "children" : [
                {
                    "child" : 1,
                    "title" : "Load Backup",
                    "level" : 2
                },
                {
                    "child" : 2,
                    "title" : "View Backups",
                    "level" : 2
                },
                {
                    "child" : 3,
                    "title" : "Delete Backup",
                    "level" : 2
                },
                {
                    "child" : 4,
                    "title" : "Configure Backups",
                    "level" : 2,
                    "children" : [
                        {
                            "child" : 1,
                            "title" : "Enable Auto Backups",
                            "level" : 3,
                            "value" : false
                        },
                        {
                            "child" : 2,
                            "title" : "Allow Change File",
                            "level" : 3,
                            "value" : true
                        },
                        {
                            "child" : 3,
                            "title" : "Create Folder per Backup",
                            "level" : 3,
                            "value" : true
                        }
                    ]
                }
            ]
        }
    ]
}