{
    "patches" : [
        {
            "patchGroupName" : "ADB Patches",
            "fields" : [
                {
                    "field" : 1,
                    "name" : "Enable ADB Access",
                    "id" : "bst.enable_adb_access",
                    "from" : "0",
                    "to" : "1"
                },
                {
                    "field" : 2,
                    "name" : "Enable ADB Remote Access",
                    "id" : "bst.enable_adb_remote_access",
                    "from" : "0",
                    "to" : "1"
                },
                {
                    "field" : 3,
                    "name" : "Set ADB Port",
                    "id" : "bst.instance.Pie64.adb_port",
                    "from" : 5555,
                    "to" : ""
                },
                {
                    "field" : 4,
                    "name" : "Set Status of ADB Port",
                    "id" : "bst.instance.Pie64.status.adb_port",
                    "from" : "5555",
                    "to" : ""
                }
            ]
        },
        {
            "patchGroupName" : "Root Patches",
            "fields" : [
                {
                    "field" : 1,
                    "name" : "Enable Root",
                    "id" : "bst.instance.Pie64.enable_root_access",
                    "from" : "0",
                    "to" : "1"
                }
            ]
        },
        {
            "patchGroupName" : "Store Patches",
            "fields" : [
                {
                    "field" : 1,
                    "name" : "Deactivate Automatic BlueStacks Store Launch",
                    "id" : "bst.launch_store_on_boot",
                    "from" : "1",
                    "to" : "0"
                }
            ]
        },
        {
            "patchGroupName" : "FPS Patches",
            "fields" : [
                {
                    "field" : 1,
                    "name" : "Set FPS Limit",
                    "id" : "bst.mim.max_fps",
                    "from" : "",
                    "to" : ""
                }
            ]
        },
        {
            "patchGroupName" : "Mute Instance Patch",
            "fields" : [
                {
                    "field" : 1,
                    "name" : "Mute all instances",
                    "id" : "bst.mute_all_instances",
                    "from" : "0",
                    "to" : "1"
                }
            ]
        },
        {
            "patchGroupName" : "Instance Identity Patches",
            "fields" : [
                {
                    "field" : 1,
                    "name" : "Change locale",
                    "id" : "bst.locale",
                    "from" : "",
                    "to" : "",
                    "format" : "language-COUNTRY"
                },
                {
                    "field" : 2,
                    "name" : "Spoof Device Info",
                    "note" : "Super patch",
                    "ids" : ["bst.instance.Pie64.device_custom_brand","bst.instance.Pie64.device_custom_manufacturer","bst.instance.Pie64.device_custom_model"],
                    "from" : "BlueStacks",
                    "to" : "Whiteout"
                },
                {
                    "field" : 3,
                    "name" : "Set Display Name",
                    "id" : "bst.instance.Pie64.display_name",
                    "from" : "BlueStacks AppPlayer",
                    "to" : "",
                    "todefault" : "Whiteout"
                },
                {
                    "field" : 4,
                    "name" : "Change Country Code",
                    "id" : "bst.instance.Pie64.device_country_code",
                    "from" : "",
                    "to" : ""
                },
                {
                    "field" : 5,
                    "name" : "Change Carrier Code",
                    "id" : "bst.instance.Pie64.device_carrier_code",
                    "from" : "",
                    "to" : ""
                }
            ]
        },
        {
            "patchGroupName" : "AD Patches",
            "fields" : [
                {
                    "field" : 1,
                    "name" : "Disable all ad related stuff",
                    "ids" : ["bst.enable_programmatic_ads","bst.feature.programmatic_ads","bst.feature.send_programmatic_ads_boot_stats","bst.feature.show_gp_ads","bst.feature.show_programmatic_ads_preference","bst.instance.Pie64.ads_limit_min_pixels","bst.instance.Pie64.ads_screen_width","bst.instance.Pie64.ads_screen_width_percentage"],
                    "from" : "",
                    "to" : "0"
                }
            ]
        }
    ]
}